"15 неизвестных фактов об Азамате Бекназарове, сотруднике Google в Японии","18/02/21, 16:26  |  Обновлено: 18/02/21, 19:26","Limon.KG  - Азамат работает в Google и проживает в самой технологически развитой стране. Эдисон говорил, что успех или гениальность – это 1% вдохновения, а остальные 99% – человеческий пот. Азамат является именно таким человеком. Он не мечтает, а просто ставит цели и движется в этом направлении."
23-летний Сагынбек Кенжебаев из Оша окончил METU и несмотря на отказы стал software developer в уникальном турецком стартапе GUI,"18/02/21, 17:55  |  Обновлено: 18/02/21, 18:35","Limon.KG  - Сагынбек Кенжебаев за сравнительно короткое время прошёл сложный, но уникальный и интересный путь, участвуя в различных республиканских и международных олимпиадах. Он успел побывать в Тайване, отучиться в одном из лучших университетов Турции METU и стать участником стартапа, которому суждено было развиться в солидную компанию и стать частью IT-рынка. «Важно окружать себя теми людьми, на которых вы хотите быть похожими», - делится секретом развития и успеха Сагынбек. Об особенностях жизни и учёбы в Стамбуле, секретах зачисления в число работников IT-организации а также о многом другом читайте в нашем сегодняшнем интервью."
Три бывших кандидата в президенты подписали меморандум об объединении,"18/02/21, 17:43","Limon.KG  - Лидеры трёх партий, принявшие участие в президентских выборах – Клара Сооронкулова, Аймен Касенов и Элдар Абакиров – решили объединиться в выборах в местные кенеши. Об этом в соцсетях сообщили представители партии «Реформа». Сегодня, 18 февраля лидеры партий «Асман-Ала-Тоо», «Адилеттүү Кыргызстан» и «Реформа» подписали меморандум об объединении."
"Как получить образование в крупнейших державах мира - США, Китае и России - расскажет аналитик венчурного фонда TUZ Ventures из Кремниевой долины","18/02/21, 14:23","Limon.KG  - ""Думай, как человек действия. Действуй, как мыслящий человек"". Решительность и энтузиазм Гулзари Турсуновой помогли ей проучиться в Америке по стипендиальной программе Global Ugrad,  семестр в Высшей Школе Экономики в Москве и поступить в магистратуру в Китай. Познав разные культуры и получив огромный багаж опыта и знаний, Гулзари смогла стать аналитиком в международном венчурном фонде TUZ Ventures, который занимается инвестициями в IT-стартапы по всей Центральной Азии.  Подробнее об увлекательном пути Гулзари Турсуновой вы cможете узнать в развёрнутом интервью Limon.kg."
Парень из Казахстана вошел в список Forbes Next – рейтинг новаторов малого бизнеса в США,"18/02/21, 12:32  |  Обновлено: 18/02/21, 12:48",Limon.KG  - Сооснователь Consilienz 27-летний Элисар Нурмагамбетов вошел в список Forbes Next 1000 американского журнала Forbes.
"Как кыргызка оказалась гидом на ледоколе в Финляндии, а сегодня создаёт свой портал о Центральной Азии","18/02/21, 12:55","Limon.KG  - От села Терек-Суу до Лапландии, родины Санта Клауса. Наргиза Жетигенова проделала удивительный путь, учась и работая в туристическом агентстве в тропической Малайзии, a в дальнейшем переехав в заснеженную Финляндию, устроилась гидом на ледокол. Наргиза работает над порталом Central Asia Guide, информирующем туристов о достопримечательностях, центрах отдыха и особенностях культуры Центральной Азии. Находясь долгое время за рубежом, она остаётся верной кыргызским традициям и намерена привлечь как можно больше туристов из Северной Европы в Кыргызстан."
"100% успех: все 4 ученика, принявшие участие на международной олимпиаде в Румынии, завоевали медали","18/02/21, 12:07  |  Обновлено: 18/02/21, 12:29","Limon.KG  - 14 февраля 2021 года в Румынии прошла международная олимпиада Info(1)Cup. Это единственная международная олимпиада по информатике в Румынии, где соревнуются юниоры. Ученики из Кыргызстана забрали 4 медали."
Ильяс Бешимов из Оша окончил Harvard University и запустил уникальный стартап Celential в Силиконовой долине,"17/02/21, 17:51  |  Обновлено: 17/02/21, 19:22","Limon.KG  - «Harvard University был ценен тем, что дал понимание того, что нельзя бояться ставить перед собой большие цели, нужно стремиться к лучшему!» Ильяс Бешимов смог поступить и получить большую финансовую поддержку в Harvard University, который входит в топ-3 лучших университетов мира. Он успел проучиться в University of Bradford в Англии, и в интервью Limon.kg сравнивает особенности американского и европейского образования. Ильяс запустил стартап Celential в Силиконовой долине для оказания людям помощи в поиске наиболее подходящей работы исходя из индивидуальных качеств и предпочтений. О своих первых начинаниях в предпринимательстве, о процессе поступления в Harvard University, о Лос-Анжелесе – городе hustler и о многом другом читайте ниже."
"«Как пройти путь от «ничего» до 100% скидки и  стипендии размером $5800 в лучшем университете Китая"", - Даян Мэлисов","17/02/21, 15:14  |  Обновлено: 17/02/21, 17:39","Limon.KG  - Если вы заинтересованы в получении степени в области биомедицинской инженерии (BME), вы можете реализовать эту мечту в одном из лучших университетов в Китае. Будучи одним из самых актуальных и передовых научных направлений, биоинженерия объединяет изучение математики, биологии и медицины для разработки методов, с помощью которых инженерия может использоваться для решения медицинских задач. Даян Мэлисов из Таласа обучается на последнем курсе в Chinese University of Hong Kong, который является одним из старейших университетов Китая. Как поступить лучший вуз в области биомедицинской инженерии и получить 100% стипендию, узнаете из материала."
23-летний кыргызский лётчик Бактыяр Аманбеков покоряет канадскую авиацию,"17/02/21, 10:30  |  Обновлено: 17/02/21, 15:13","Limon.KG  - Через тернии к звёздам! Бактыяр Аманбеков сделал нетипичный выбор и решил стать лётчиком. Он поступил в авиационную школу «Aviation Courses» в Канаде. «Хотелось бы стать капитаном Боинга», - делится своей мечтой Бактыяр. О долгом пути лётчика и особенностях канадской культуры Бактыяр поделился с редакцией Limon.kg."
В Кыргызстане выйдет учебник Алиппе в стихотворном варианте,"17/02/21, 10:32","Limon.KG  - В скором времени в Кыргызстане будет выпущен учебник Алиппе в стихах. Об этом сообщила искусствовед, антрополог, писатель детских сказок Алтын Капалова на своей странице в Твиттере. По словам Капаловой, новый учебник будет инклюзивным. Рисунки в книге рисовала художник Елена Чайковская, стихи написали автор стихов поэт-самородок Торобек Нуркулов и Алтын Капалова."
Футболистка Айдана Оторбаева номинирована на премию MERIT AWARDS от FIFPRO,"17/02/21, 09:50  |  Обновлено: 17/02/21, 09:52","Limon.KG  - Кыргызстанскую футболистку Айдану Оторбаеву номинировали на премию FIFPRO MERIT AWARDS, об этом сообщили на сайте FIFPRO. Это международная федерация ассоциаций профессиональных футболистов; всемирная организация, объединяющая представителей профессиональных футболистов. В настоящее время в неё входит 42 национальных профсоюза футболистов."
"The World Bank пригласил на работу Жылдыз Тыналиеву из Бишкека, которая ранее трудилась в ООН","16/02/21, 16:25","Limon.KG  - Наши герои своими успехами и достижениями прославляют страну, заставляют каждого поверить в свои силы и возможности. С каждым годом все больше и больше наших соотечественников устраиваются мировые компании. Сегодня мы представим историю Жылдыз Тыналиевой – сотрудницы Всемирного банка, который является крупнейшим источником финансовой и технической помощи, оказываемой развивающимся странам по всему миру. Он состоит из пяти уникальных организаций, каждая из которых разделяет общую цель сокращения масштабов бедности и содействия устойчивому развитию. В интервью Жылдыз поделилась своей уникальной историей о необычном детстве, проблемах с поиском работы после магистратуры в Кыргызстане, о депрессиях, о работе в ООН и трудоустройстве в The World Bank."
"Как поступить в топовый вуз мира и получать стипендию размером $500 в месяц, рассказал 19-летний Адил Жумгалбеков","16/02/21, 15:45",Limon.KG  - 19-летний Адил Жумгалбеков поступил в City University of Hong Kong (Городской университет Гонконга) на бюджетное обучение и получает стипендию размером $500 ежемесячно.
"Как получить 100% стипендию на обучение в Корее, рассказала Санира Маматова","16/02/21, 16:30","Limon.KG  - Санира-Бегим Маматова – магистрант университета Кемён (Keimyung University), одного из престижных учебных заведений в Корее, где обучается через государственную стипендиальную программу KGSP, покрывающую все её расходы. На данный момент живет в Сеуле и занимается цифровым маркетингом (digital marketing) в уникальной компании Chowis Co. Ltd., которая разрабатывает умные анализаторы кожи лица и головы на основе искусственного интеллекта (AI) и больших данных (Big Data). В статье вы прочитаете, как можно выиграть государственную стипендию и какие есть преимущества учебы в Корее."
"Впервые в Центральной Азии планируется открытие офиса Apple, он будет расположен в Ташкенте","16/02/21, 12:08",Limon.KG  - Apple планирует открыть первый в Центральной Азии офис компании. Он будет находится в столице Узбекистана — городе Ташкент. Об этом в начале 2021 года сообщил руководитель министерства пресс-службы по развитию информационных технологий и коммуникаций Узбекистана Шерзод Акматов. Точная дата открытия еще неизвестна.
12 женщин из регионов борются за звание лучшего кандидата в депутаты местного сельского кенеша,"16/02/21, 11:37",Limon.KG  - Марафон «АйымАйыл» запускает голосование за лучшую кандидатуру женщины-депутата местного Кенеша Кыргызстана.
Как Азамат Дуйшонкулов стал программистом в крупнейшем международном банке в США – Citi Bank,"16/02/21, 11:36","Limon.KG  - Азамат Дуйшонкулов является тестировщиком в Citi Bank, который был основан в 1812 году и считается гигантской международной корпорацией в области финансовых услуг. В сегодняшнем интервью Азамат рассказал нашей редакции о том, как он выбирал своё направление, какие трудности возникали на его пути и какой язык программирования стоит освоить начинающему программисту."
Пройди «Программу лидерства ProKG 2021» и стань частью прогрессивной молодежи Кыргызстана,"16/02/21, 10:46",Limon.KG  - Клуб профессионалов ProKG объявляет набор на образовательный проект «Программа лидерства ProKG 2021».
Филолог из села Мамажан стала IT-специалистом в страховой компании Хайло Мобайл в Чикаго,"16/02/21, 10:46","Limon.KG  - Филолог–программист, гуманитарий-технарь, Чолпон Шаболотова, сочетает в себе не сочетаемое. Ей удалось выиграть грант Global UGRAD и обучиться в США, что впоследствии открыло для нее множество возможностей. О том, как обычной девушке из села Мамажан покорить Америку, стать топовым IT- специалистом и получать приглашения от крупных компаний в нашем сегодняшнем интервью для Limon.kg."
Ушла из жизни народная артистка Кыргызстана Жамал Сейдакматова,"16/02/21, 10:30","Limon.KG  - От тяжелой болезни сегодня в 3:05 ушла из жизни народная артистка Кыргызстана Жамал Сейдакматова, ей было 82 года. Родилась будущая выдающаяся артистка в селе Темировка Иссык-Кульской области."
Как за 12 месяцев освоить профессию программиста и гарантированно получить работу,"16/02/21, 09:43","Limon.KG  - Профессия программиста сегодня является одной из самых актуальных и востребованных.Немало людей хотят освоить её, потому что IT гарантирует хороший заработок. Но многие не знают, с чего начать, какими навыками обладать, чтобы стать востребованным специалистом."
Как бывший руководитель ZenSoft меняет рынок образования Кыргызстана с помощью новой платформы Codify LMS,"16/02/21, 09:43","Limon.KG  - В период пандемии отечественная IT-компания Codify, которую основала Динара Руслан, создала и протестировала уникальную платформу. Эта разработка позволяет управлять бизнесом, увеличивать доходы в несколько раз, снижать издержки и повышать эффективность сотрудников. Есть несколько причин для гордости. Созданной платформе Codify LMS нет аналогов. Ее создали в Кыргызстане. Платформу для автоматизации учебных процессов уже успешно применяют образовательные учреждения и курсы страны."
"Как выиграть стипендию, которая покроет все расходы, рассказала Зейнеп Ибрагим кызы, студентка университета Сент-Джонс","15/02/21, 14:59  |  Обновлено: 15/02/21, 15:34","Limon.KG  - Обучение за рубежом является целью многих студентов, однако не всем оно бывает по карману. Помимо оплаты за учебу необходимо иметь финансы на проживание, питание, транспорт, учебники и другие расходы. Осуществить заветную мечту помогут гранты и стипендии, которые выдаются вузами, правительствами государств и различными организациями. Наша героиня Зейнеп Ибрагим кызы выиграла стипендию Дэвиса Паттера, которая покрывает абсолютно все расходы. «Не ограничивайтесь и не зацикливайтесь на своих оценках, бэкграунде, развивайте свои лидерские и альтруистические качества», - советует девушка. Она получила грант через комитет UWC Kyrgyz Republic, который находит стипендии, интернациональные гранты, а также помогает студентам с учебой в разных странах мира."
4 студента в Кыргызстане получили стипендии от Амины Мусаровой – доктора социологии в Xian Jiatong University в Китае,"15/02/21, 15:15","Limon.KG  - Кыргызстанка Амина Мусарова наградила стипендиями 4 студентов из Бишкека. Амина – кандидат наук, доктор социологии в Xian Jiatong University в Китае. Кроме этого, Амина – директор по переговорам крупной компании Oriental Foods."
Ученый-робототехник из Кыргызстана поступил на пост докторантура в Стэнфордский университет,"15/02/21, 10:46  |  Обновлено: 15/02/21, 13:56",Limon.KG  - Ученый-робототехник и изобретатель из швейцарского федерального технологического института в Лозанне (EPFL) кыргызстанец Женишбек Жакыпов поделился на своей странице в фейсбуке радостной новостью.
"Адина Тилек стала IT-инженером в инновационном стартапе CoolerScreens, параллельно развивая IT-школу DevX School с мужем в Чикаго","15/02/21, 11:03  |  Обновлено: 15/02/21, 13:31","Limon.KG  - Адина Тилек– пример того, что благодаря постоянной работе над собой и решительности порой исполняются самые смелые мечты. Адина переехала в Нью-Йорк в совсем юном возрасте(19 лет) и проделала большой путь от кассира в корейском продуктовом магазине до менеджера компании Cooler Screens. «Я трудоголик. Мне огромное удовольствие доставляет сам процесс работы.» Это высказывание прекрасно характеризует её, так как помимо основной работы Адина находит время для развития своего bootcamp’а DevX School. Также её благотворительная организация Bright Talent Foundation уже помогла двоим нуждающимся в материальной поддержке детям, оплатить все расходы на обучение в турецком лицее. И это только начало! О всех грандиозных планах нашей героини вы можете узнать в интервью ниже."
Бегимай Амантаева из Таласа стала программистом в компании Билла Гейтса Microsoft,"15/02/21, 12:13","Limon.KG  - Недавно стала известно, что кыргызстанка Бегимай Амантаева начала карьеру в американской IT-компании Microsoft. В феврале этого года девушка начала работать инженером-программистом в европейском офисе Microsoft в Эстонии."
Диджей из Казахстана записал трек с певицей Ритой Ора,"15/02/21, 11:17","Limon.KG  - Талантливый музыкант из Казахстана Иманбек Зейкенов записал трек с популярной британской певицей, актрисой и автором текстов Ритой Ора. Трек называется Bang Bang, над произведением также работал David Guetta."
"27 организаций в Бишкеке, которые отправляют за границу на учебу","17/03/21, 18:43  |  Обновлено: 18/03/21, 17:25","Limon.KG  - Осуществи же уже наконец свою заветную мечту! Зачастую бывает, что, недооценивая всю силу своей личности и потенциала, многие энтузиасты гасят свою внутреннюю искру. Так получается, например, когда человек думает, что получить грант или стипендию в зарубежных вузах невозможно, или это могут лишь особо одаренные. Герои Limon.KG из выпуска к выпуску доказывают, что будучи простым студентом, благодаря желанию, усилиям, упорству и настойчивости вполне реально получить грант от Кембриджского университета, как Асель Сартбаева, или поступить в магистратуру в Гарвардский университет, как Чолпонбек Джумашукуров."
"""Лучше прописать процессы ручками, но сделать быстро!""- как строить компанию c клиентами по всему миру, рассказывает Эльдар Галиев, Growave","18/03/21, 17:14","Limon.KG  - Мы запускаем новую рубрику «Правила бизнеса». В этом цикле состоявшиеся предприниматели Кыргызстана делятся своими принципами, которые помогли им достичь успеха в бизнесе. Первый герой – основатель и глава маркетинговой платформы Growave Эльдар Галиев. Growave помогает онлайн-магазинам завоевывать доверие покупателей, получать их лояльность, тем самым повышая продажи. Начав свою деятельность в 2014 году, Growave вырос в довольно большую компанию из 70 сотрудников. Основными клиентами являются бизнес-предприятия из США, Канады, Европы и Юго-Восточной Азии."
Бесплатные онлайн-курсы IT от Harvard University доступны на русском и английском языках,"18/03/21, 16:25","Limon.KG  - Сфера IT развивается с неимоверной скоростью, с каждым днём все больше желающих изучать интернет-технологии, программирование. Есть очень много платформ и ресурсов, которые могут помочь вам в изучении этой огромной сферы: онлайн-курсы, bootcamp, видеоуроки."
865 млн просмотров набрало видео кыргызских блогеров в YouTube,"18/03/21, 12:09","Limon.KG  - Ни для кого не секрет, что одним из самых популярных форматов контента на YouTube является детский контент. Больше всех в YouTube зарабатывают блогеры, которые снимают видео для детей. В Кыргызстане тоже есть каналы с миллионами подписчиков, которые ориентированы на детские видео, но их не так много."
Молодая пара вместо празднования годовщины решила посадить деревья в Бишкеке,"18/03/21, 11:11  |  Обновлено: 18/03/21, 11:26","Limon.KG  - Пользователь Фейсбука Исмаил Карыпов вместе со своей возлюбленной Айзат Руслановой начали очень интересную инициативу. Совсем скоро у пары годовщина, но вместо традиционного празднования парень с девушкой решили посадить как можно больше деревьев в Бишкеке и вокруг него."
Instagram запретит взрослым пользователям писать подросткам до 18 лет,"18/03/21, 10:07","Limon.KG  - Социальная сеть Instargram анонсировала новые правила, по которым будет функционировать приложение. Согласно новым правилам, Instagram запретит взрослым писать личные сообщения детям до 18 лет, которые не подписаны на них."
"Пианистка Айдаана впервые завоевала бронзу для Кыргызстана на Дельфийских играх, где принимали участие все страны СНГ","17/03/21, 14:53","Limon.KG  - Сегодня настало удивительное для музыкантов время. Никогда прежде за всю историю музыкальной индустрии у авторов и исполнителей не было таких широких возможностей для распространения своего творчества по всему миру. Мы все стали свидетелями того, как никому неизвестный 20-летний парень за короткий промежуток времени обрёл всемирную известность и получил престижную награду «Грэмми». Мы также надеемся на наших талантливых творческих людей и поддерживаем их.  Сегодня представляем вам пианистку Айдаану Аматову, которая в свои 25 лет является Лауреатом престижных международных музыкальных конкурсов, преподавателем специальности фортепиано в музыкальной училище им. Куренкеева, автором проекта ArtLine,  концертным и кавер-исполнителем. В интервью Айдаана рассказала, как она обрела свою яркую индивидуальность и узнаваемый почерк, а также почему даёт благотворительные концерты."
Красавица Алина выиграла полную стипендию в США и сейчас помогает другим поступить в зарубежные вузы,"16/03/21, 18:46","Limon.KG  - Оставаться прежним – ценное качество для антиквариата, но не для человека, который хочет  изменить свою судьбу. Самые лучшие качества, помогающие добиться успеха в жизни – это смелость, упорство и настойчивость, когда несмотря на большое количество возникающих проблем и задач мы находим силы, чтобы не отступать и двигаться дальше к намеченной цели. Именно эти уникальные качества помогли нашей юной и хрупкой героине реализовать свою цель в жизни. Алина Ерешеева несмотря на трудности выиграла полную стипендию в одном из лучших университетов США, где она изучает одну из бурноразвивающих IT-отраслей – Big Data Analytics. Девушка с удовольствием поделилась ценными советами, как лучше написать мотивационное письмо и подготовится к международным тестам. Об этом и многом другом узнаете из  интервью."
Бывший работник Megaсom Элдияр Мавлянов стал Linux-разработчиком в американской компании Dominion Energy,"16/03/21, 15:33  |  Обновлено: 16/03/21, 16:31","Limon.KG  - Зачастую люди, желающие заняться программированием, задаются вопросом: «с чего начать?», испытывая затруднения с выбором не только языка программирования, но даже и операционной системы, с которой предстоит работать. Несомненно, самой популярной на сегодняшний день является Windows, но герой нашего сегодняшнего выпуска Элдияр Мавлянов сделал необычный выбор и стал Linux-разработчиком, устроившись в крупную американскую энергетическую компанию. Об учёбе в Чикаго, особенностях профессии, о жизни в Юте, а также о многом другом читайте в нашем сегодняшнем уникальном интервью."
"Как девушке из небольшого городка в Казахстане удалось устроиться в Morgan Stanley, расскажет Ардана Асымова","16/03/21, 16:03","Limon.KG  - Ардана Асымова родом из уютного города Сарканд в Казахстане. Она с детства отличалась любовью к учёбе, особенно к точным наукам. В связи с этим решила поступить в Казахский Национальный Университет им.Аль-Фараби на направление ""Химические Технологии Органических Веществ"" и собиралась полностью посвятить себя науке, но у судьбы были другие планы. Получив гранты на стажировки в Германии и Чехии по программе IAESTE, а также магистерскую степень в CEU (Central European University) в Будапеште, Ардана смогла поменять три университета в Европе, параллельно переквалифицировавшись в Financial Analyst, о чём рассказывает всем интересующимся, рассуждая о преимуществах и недостатках европейского образования. Конечно же, наша героиня в интервью Limon.kg делится лайфхаками о том, как ей удалось устроиться в Morgan Stanley – компанию, являющуюся владельцем крупнейшего брокерского бизнеса в мире, активы которой насчитывают 715 миллиардов долларов."
"«Народ, не молчите!». Соцсети встали на защиту задержанного активиста Тилекмата Куренова","16/03/21, 11:40","Limon.KG  - Вчера, 15 марта в Бишкеке ГУВД задержало и водворило в ИВС активиста Тилекмата Куренова. Он был организатором мирного митинга в Бишкеке против новой конституции. Кроме этого, Тилекмат – основатель движения по защите «Жетим-Тоо», у него есть жена и двое маленьких детей."
Уланбек из Исфаны решил построить образовательный центр для детей прямо во дворе своего дома,"16/03/21, 10:27","Limon.KG  - Житель города Исфана, который находится на окраине Баткенской области Уланбек Мурзаев во дворе своего дома строит детский образовательный клуб, в котором дети будут учиться иностранным языкам, устраивать talking club. На втором этаже будет расположена библиотека, телевизор, где учащиеся смогут проводить свободное время. На первом этапе планируется обучать детей кыргызскому, русскому, английскому, турецкому и французскому языкам. Также будет клуб рисования."
"Руслан Карабукаев – сооснователь Besmart, Namba taxi и Dodo Рizza сегодня развивает уникальный стартап во Вьетнаме","15/03/21, 17:33","Limon.KG  - Руслан Карабукаев родом из села Маман Иссык-Кульской области. Он окончил компьютерную гимназию №5. Отучился в магистратуре в Технологическом институте штата Джорджия. Уже в студенческое время работал в авиакомпаниях Кыргызстана, также успел получить опыт в Казахстане. Запустил такие бизнес-проекты, как Namba taxi, Dodo Рizza, Besmart, и сейчас успешно захватывает новые рынки. В 2018 году запустил свой стартап онлайн-маршруток GoDee во Вьетнаме, а 25 ноября прошлого года его проект стал победителем программы по развитию стартапов. Тем самым он доказал, что кыргызстанцы могут работать успешно за рубежом и завоевать мировые рынки. В интервью он рассказал о своем новом стартапе и полученном опыте в больших компаниях Кыргызстана и за рубежом."
Кыргызский мед начали продавать в Южной Корее,"15/03/21, 12:33  |  Обновлено: 15/03/21, 15:17","Limon.KG  - Ат-башинский и иссык-кульский мёд теперь официально доступен в Южной Корее, его можно найти в магазинах для русскоязычных иммигрантов."
Впервые диджей из Центральной Азии получил премию Грэмми,"15/03/21, 09:20","Limon.KG  - 20-летний диджей из Казахстана получил статуэтку Грэмми, ранее из Казахстана никто не был номинирован на эту престижную премию."
"Отучившись в Турции и Венгрии, Айкөкүл добилась работы в Morgan Stanley, где отвечает за эффективность бизнес-процессов и риск-систем","12/03/21, 15:21  |  Обновлено: 12/03/21, 18:07","Limon.KG  - Выходить из своей зоны комфорта не хочется никому. А ведь именно это и означает, что ты не развиваешься, как личность. Наша сегодняшняя героиня – целеустремленная Айкөкүл Болотбекова родом из села Үч-Терек, выпустившись из университета, смогла пробиться в крупную компанию. «Вы должны уже сегодня относиться к себе, как к человеку, который добился успеха», - советует она. Девушка работает в ведущем американском инвестиционном банке Morgan Stanley в Венгрии. Она добилась больших успехов в карьере, для этого ей пришлось пройти долгий тернистый путь. В интервью она рассказала об особенностях корпоративной культуры, планах на будущее, а также о том, что необходимо учитывать при подаче документов на работу."
"18-летний Эмир, еще не окончив школу, поступил на полный грант в венгерский и Гонконгский вузы","12/03/21, 15:51","Limon.KG  - Сейчас многие кыргызстанцы желают получить качественное образование за рубежом, но выбор ""того самого"" вуза требует огромного количества времени и сил. Уже со школьный скамьи дети задумываются о своем будущем и стараются выбрать для себя наилучший вариант. 18-летний Эмир Жумалиев – один из таких, он оканчивает школу в этом году, но уже имеет два оффера от зарубежных вузов. Он получил венгерскую стипендию бизнес-школы в Будапеште и полный грант City University of Hong Kong со стипендией $500 в месяц."
"«Я всегда училась бесплатно». Асель Сартбаева 6 лет не могла выиграть стипендию, а сейчас является всемирно признанной женщиной-ученым из Центральной Азии","09/03/21, 21:37  |  Обновлено: 11/03/21, 13:53","Limon.KG  - Асель Сартбаева – одна из первых всемирно признанных женщин-ученых из Центральной Азии. Сейчас она работает над поиском инновационного способа хранения вакцин, который исключает дорогостоящую и сложную транспортировку с соблюдением определенного температурного режима. В случае успеха её новаторская научная работа может спасти миллионы жизней по всему миру и позволит снизить стоимость вакцин, сделав их более доступными в развивающихся странах. Асель успела поработать в Кембридже и Оксфорде, а на данный момент трудится в университете Бата. Знаменитая женщина-ученый входит в Королевское научное общество Великобритании, которое когда-то основал сам Ньютон. В интервью она рассказала, как после 6 лет безуспешных подач смогла выиграть стипендиальную программу, как она прививает дочерям любовь к науке и почему в свободное время любит заниматься шитьём."
С июня 2021 года видеоблогерам в YouTube за пределами США придется платить налоги Google,"11/03/21, 13:50","Limon.KG  - Google планирует ввести налоги на видеоблогеров в YouTube, которые зарабатывают на рекламе и живут за пределами США."
Улукбек Келгенбаев из Deloitte London 13 марта в ZOOM-конференции ответит на ваши вопросы о работе в «Большой четвёрке»,"03/03/21, 09:56  |  Обновлено: 11/03/21, 12:36","Limon.KG  - Улукбек Келгенбаев окончил школу №70 в Бишкеке и является выпускником Кыргызско-Европейского факультета при Национальном университете им. Ж. Баласагына. После окончания университета он начал карьеру в престижной консалтинговой и аудиторской компании Deloitte, и с 2017 года работает в Лондоне, на данный момент в сфере финансового консультирования."
Депутаты приняли законопроект о назначении референдума на 11 апреля,"11/03/21, 12:31","Limon.KG  - Сегодня, 11 марта на очередном заседании Жогорку Кенеша во втором и третьем чтениях принят законопроект о назначении референдума по Конституции на 11 апреля. «За» проголосовали 94 депутата, 6 – «против»."
"Гарвард, Йель, Колумбийский. Как туда попасть и стоит ли это того? Статья forbes.ru","11/03/21, 12:06","Limon.KG  - 7 марта 2021 года на forbes.ru вышла статья «Бренды образования: как попасть в престижный университет и стоит ли туда стремиться», в которой рассказывается о лучших университетах США, куда хотят попасть практически все. Автор forbes.ru Денис Песков написал аналитическую статью, опираясь на книгу Джеффри Селинго The Chronicle of Higher Education – Хроника высшего образования."
"«У меня есть папка с отказами». Инженер-программист Google Deepmind Алия Рысбек рассказала, как мотивировать себя в трудные минуты","11/03/21, 10:38","Limon.KG  - Когда мы делаем определенную работу, идём к своей цели, нами в основном движет мотивация. Когда мы начинаем долгий и трудный путь, то именно её нам не хватает. И многие ищут ответ на вопрос: «Как себя мотивировать?»  Инженер-разработчик Google Deepmind Алия Рысбек из Кыргызстана на Zoom-встрече, организованной Limon.KG 6 марта ответила на ряд вопросов, в том числе и на этот. Она рассказала, чем себя мотивировала, чтобы попасть в компанию мечты практически каждого программиста."
Прокуратура отказалась от обвинений в отношении блогера Sydyman,"10/03/21, 14:44","Limon.KG  - Сегодня, 10 марта в Октябрьском районном суде прошел процесс по делу Элмира Сыдманова – Sydyman."
Девушка из Кыргызстана заняла 19 место в мире по экзамену для финансистов ACCA,"10/03/21, 10:52","Limon.KG  - Студентка ACCA из Кыргызстана Бегай Дуйшеналиева набрала наибольшее количество баллов по экзаменам AAA и APM и заняла первое место в Кыргызстане по обоим экзаменам, а в мировом рейтинге — 19-е место по экзамену AAA и 21-е — по APM. Экзамены прошли в конце декабря прошлого года."
От лингвиста до менеджера в UniCredit Bank: как Толкун Жумабаева решила сменить специальность в 24 года,"10/03/21, 10:47","Limon.KG  - От судьбы не убежишь! Толкун Жумабаева всегда мечтала работать в больших компаниях, и благодаря непрерывному труду и самоотдаче стала Relationship Manager в одном из лучших банков мира – UniCreditBank в Австрии. Пришлось проявить большую отвагу, чтобы в 24 года начать изучать финансовую структуру с нуля. Толкун работала не покладая рук, так как была в Австрии одна, и обеспечивать себя было просто необходимо. Получив отказы на собеседованиях, в частности от такой компании, как Dyson, она не опустила руки и не отчаялась, и в последующем ей с лёгкостью удалось пройти все 5 раундов в UniCreditBank. Сейчас она с удовольствием делится советами, как успешно проходить все туры интервью в крупных компаниях. Об этом, о жизни в Австрии и о том, как нужно отстаивать свои интересы, чтобы делать то, что действительно нравится и получать в итоге значительные выгоды, читайте в интервью Limon.kg."
"Бермет Турман подрабатывала моделью до того, как устроилась в крупнейший банк Франции – Société Générale","09/03/21, 17:00","Limon.KG  - Бермет Турман на пути к тому, чтобы стать высококвалифицированным специалистом в сфере логистики. Опыт жизни во Франции привел ее к тому, что она подрабатывала моделью, и ее фотографии были представлены в музее современного искусства Тулузы. «Через какое-то время мне предложили оплачиваемую работу моделью для бутика люксовых брендов, и я проработала с ними около 2 лет», - вспоминает Бермет. Наша героиня совмещает в себе любознательность и дисциплину с творческими порывами, учится и работает, параллельно разрабатывая проект, который борется с лишними тратами на IT-оборудование. Как успевать везде, адаптироваться к динамичной, недешевой жизни во Франции и в итоге преуспевать в ней, вы сможете прочитать в интервью Limon.kg."
"«Не нужно быть вундеркиндом, чтобы попасть в Германию!» – Аскар Асанов работает в крупнейшей компании в Германии  – WM Group","09/03/21, 15:25","Limon.KG  - Когда вам покажется, что цель недостижима, не изменяйте цель — изменяйте свой план действий. Аскар Асанов не мог похвастаться умопомрачительными школьными достижениями, но благодаря огромному желанию и упорству добился того, что ему удалось получить высшее образование на бесплатной основе во Франкфуртском университете, одном из лучших учебных заведений в Германии. Он работает ведущим Data Analyst в компании WM Group, это монополист в сфере логистики и доставки данных. Аскар перечисляет преимущества жизни в Германии с развитым социальным пакетом, бесплатным и доступным качественным образованием и делится своей мечтой вернуться в Кыргызстан и открыть свою инновационную ферму, тем самым внеся вклад в национальную агропромышленность."
"На визу в США повторно могут подать заявки все, кому было отказано до 20 января 2020 года","09/03/21, 14:18","Limon.KG  - В январе 2020 года экс-президент США Дональд Трамп ввел ограничение миграции в США. Среди стран, которым был введен запрет, оказался и Кыргызстан."
